amount,card_name,is_foil,is_pinned,is_signed,set_id,set_code,collector_number,language,condition,comment,added
3,"Acquisitions Expert",,,,"","ZNR","89","en","","",""
3,"Adventure Awaits",,,,"","ZNR","177","en","","",""
3,"Agadeem's Awakening // Agadeem, the Undercrypt",,,,"","ZNR","90","en","","",""
3,"Akoum Hellhound",,,,"","ZNR","133","en","","",""
3,"Akoum Hellhound",,,,"","ZNR","299","en","","",""
2,"Akoum Warrior // Akoum Teeth",,,,"","ZNR","134","en","","",""
3,"Allied Assault",1,,,"","ZNR","1","en","","",""
3,"Allied Assault",,,,"","ZNR","1","en","","",""
1,"Ancient Greenwarden",,,,"","ZNR","178","en","","",""
5,"Angelheart Protector",,,,"","ZNR","3","en","","",""
5,"Anticognition",,,,"","ZNR","45","en","","",""
1,"Archon of Emeria",,,,"","ZNR","4","en","","",""
1,"Archpriest of Iona",,,,"","ZNR","5","en","","",""
3,"Ardent Electromancer",,,,"","ZNR","135","en","","",""
2,"Foresee",,,,"","FUT","36","de","","",""
2,"Forest",,,,"","IKO","274","en","","",""
2,"Forest",,,,"","TSP","301","de","","",""
2,"Forest",,,,"","M11","246","de","","",""
2,"Forest",,,,"","KLD","264","en","","",""
2,"Forest",,,,"","M15","266","de","","",""
2,"Forest",,,,"","M15","269","de","","",""
2,"Forest",,,,"","M15","268","de","","",""
2,"Forest",,,,"","M15","267","de","","",""
2,"Forest",,,,"","THS","249","de","","",""
2,"Forest",,,,"","THS","247","de","","",""
2,"Forest",1,,,"","ELD","266","en","","",""
2,"Forest",,,,"","TSP","298","de","","",""
2,"Forest",1,,,"","ELD","267","en","","",""
2,"Forest",,,,"","TSP","299","de","","",""
2,"Forest",1,,,"","ELD","268","en","","",""
2,"Forest",,,,"","ISD","262","de","","",""
2,"Forest",1,,,"","ELD","269","en","","",""
2,"Forest",,,,"","ISD","264","de","","",""
2,"Forest",,,,"","ELD","266","en","","",""
2,"Forest",,,,"","M12","247","de","","",""
2,"Forest",,,,"","ELD","267","en","","",""
2,"Forest",,,,"","M12","246","de","","",""
2,"Forest",,,,"","ZNR","384","en","","",""
2,"Forest",,,,"","ELD","268","en","","",""
2,"Forest",,,,"","M12","248","de","","",""
2,"Forest",,,,"","ZNR","280","en","","",""
2,"Island",,,,"","M13","237","de","","",""
2,"Island",,,,"","RTR","255","en","","",""
2,"Island",,,,"","RTR","256","en","","",""
2,"Island",,,,"","RTR","256","de","","",""
2,"Island",1,,,"","M21","263","en","","",""
2,"Island",1,,,"","M21","264","en","","",""
2,"Island",1,,,"","M21","265","en","","",""
2,"Island",1,,,"","M21","310","en","","",""
2,"Island",,,,"","M21","263","en","","",""
2,"Island",,,,"","M21","264","en","","",""
2,"Island",,,,"","M21","265","en","","",""
2,"Island",,,,"","M21","310","en","","",""
2,"Island",,,,"","THB","280","en","","",""
2,"Island",,,,"","THB","281","en","","",""
2,"Island",1,,,"","THB","280","en","","",""
2,"Island",1,,,"","THB","281","en","","",""
2,"Island",,,,"","ZNR","270","en","","",""
2,"Island",1,,,"","IKO","263","en","","",""
2,"Island",1,,,"","IKO","264","en","","",""
2,"Island",1,,,"","IKO","265","en","","",""
2,"Island",,,,"","IKO","263","en","","",""
2,"Island",,,,"","IKO","264","en","","",""
2,"Island",,,,"","IKO","265","en","","",""
2,"Island",,,,"","RTR","257","en","","",""
2,"Island",1,,,"","GRN","261","en","","",""
2,"Island",,,,"","GRN","261","en","","",""
2,"Island",,,,"","RTR","258","en","","",""
2,"Island",,,,"","RTR","259","en","","",""
2,"Island",1,,,"","THB","251","en","","",""
2,"Island",,,,"","DOM","257","de","","",""
5,"Island",,,,"","KLD","253","en","","",""
5,"Island",,,,"","KLD","254","en","","",""
4,"Island",,,,"","KLD","255","en","","",""
2,"Mountain",,,,"","ELD","265","en","","",""
2,"Mountain",,,,"","M20","274","en","","",""
2,"Mountain",,,,"","KLD","261","en","","",""
2,"Mountain",,,,"","M13","242","de","","",""
2,"Mountain",,,,"","M13","243","de","","",""
2,"Mountain",,,,"","M13","244","de","","",""
2,"Mountain",,,,"","M13","245","de","","",""
2,"Mountain",,,,"","M15","262","de","","",""
2,"Mountain",,,,"","M19","275","en","","",""
2,"Mountain",1,,,"","M20","273","en","","",""
2,"Mountain",1,,,"","M20","274","en","","",""
2,"Mountain",1,,,"","M20","275","en","","",""
2,"Mountain",1,,,"","M20","276","en","","",""
2,"Mountain",,,,"","M20","273","en","","",""
2,"Mountain",,,,"","M20","275","en","","",""
2,"Mountain",,,,"","ZNR","277","en","","",""
2,"Mountain",,,,"","M20","276","en","","",""
2,"Mountain",1,,,"","ZNR","277","en","","",""
2,"Mountain",,,,"","DOM","264","de","","",""
2,"Mountain",1,,,"","GRN","263","en","","",""
2,"Mountain",,,,"","GRN","263","en","","",""
15,"Mountain",,,,"","RNA","263","en","","",""
8,"Mountain",,,,"","WAR","259","en","","",""
1,"Mountain",1,,,"","RNA","263","en","","",""
10,"Mountain",,,,"","WAR","260","en","","",""
16,"Mountain",,,,"","M19","274","en","","",""
8,"Mountain",,,,"","WAR","261","en","","",""
2,"Plains",,,,"","INV","333","de","","",""
2,"Plains",,,,"","M13","232","de","","",""
2,"Plains",,,,"","M13","231","de","","",""
2,"Plains",,,,"","M13","230","de","","",""
2,"Plains",,,,"","AKH","257","en","","",""
2,"Plains",,,,"","DOM","251","en","","",""
2,"Plains",1,,,"","TSP","282","de","","",""
2,"Plains",,,,"","THB","250","en","","",""
2,"Plains",,,,"","M19","264","en","","",""
2,"Plains",,,,"","DOM","253","de","","",""
2,"Plains",,,,"","DOM","252","de","","",""
2,"Plains",,,,"","DOM","250","de","","",""
2,"Plains",,,,"","ZNR","268","en","","",""
2,"Plains",,,,"","M19","263","en","","",""
2,"Plains",,,,"","M19","262","en","","",""
2,"Plains",,,,"","M19","261","en","","",""
2,"Plains",,,,"","KLD","252","en","","",""
2,"Plains",1,,,"","M21","260","en","","",""
2,"Plains",1,,,"","M21","261","en","","",""
1,"Plains",1,,,"","M21","262","en","","",""
1,"Plains",1,,,"","M21","309","en","","",""
4,"Plains",,,,"","ZNR","380","en","","",""
4,"Plains",1,,,"","ZNR","380","en","","",""
2,"Plains",,,,"","M21","260","en","","",""
1,"Plains",,,,"","M21","261","en","","",""
2,"Plains",,,,"","M21","262","en","","",""
1,"Plains",,,,"","M21","309","en","","",""
2,"Swamp",1,,,"","ELD","258","en","","",""
2,"Swamp",1,,,"","ELD","259","en","","",""
2,"Swamp",1,,,"","ELD","260","en","","",""
2,"Swamp",1,,,"","ELD","261","en","","",""
2,"Swamp",,,,"","ELD","258","en","","",""
2,"Swamp",,,,"","ELD","259","en","","",""
2,"Swamp",,,,"","ELD","260","en","","",""
2,"Swamp",,,,"","ELD","261","en","","",""
2,"Swamp",,,,"","M19","269","en","","",""
2,"Swamp",,,,"","M11","241","de","","",""
2,"Swamp",,,,"","DOM","258","en","","",""
2,"Swamp",,,,"","THS","239","de","","",""
2,"Swamp",,,,"","KTK","258","de","","",""
2,"Swamp",,,,"","M10","239","de","","",""
2,"Swamp",,,,"","M14","238","de","","",""
2,"Swamp",,,,"","MRD","296","en","","",""
2,"Swamp",,,,"","8ED","339","de","","",""
2,"Swamp",,,,"","M15","259","de","","",""
2,"Swamp",,,,"","M11","238","de","","",""
1,"Swamp",,,,"","RTR","260","de","","",""
1,"Swamp",,,,"","M20","269","en","","",""
5,"Swamp",,,,"","M15","258","de","","",""
1,"Swamp",,,,"","M20","270","en","","",""
5,"Swamp",,,,"","M15","261","de","","",""
1,"Swamp",1,,,"","WAR","257","en","","",""
5,"Swamp",,,,"","M15","260","de","","",""
1,"Swamp",,,,"","M20","272","en","","",""
7,"Swamp",,,,"","WAR","256","en","","",""
9,"Swamp",,,,"","WAR","257","en","","",""
7,"Swamp",,,,"","WAR","258","en","","",""
3,"Swamp",,,,"","CHK","295","en","","",""
